number of population per hectare,Entire home/apt,Private room,Hotel room,Shared room,Entropy
1.740810517,1.082913967,-1.001132545,-0.545181016,-0.215599932,0.105565075
1.363012076,0.505935136,-0.428266156,-0.545181016,-0.215599932,0.286383284
0.549119392,2.082343089,-2.03564217,-0.545181016,0.11375242,-0.794003323
0.374437333,2.292792579,-2.262826975,-0.545181016,0.256057492,-1.141625456
2.700143945,1.447979658,-1.47718777,-0.10063567,0.375365635,0.432470793
-0.362246322,0.192867608,-0.588500894,0.069337551,3.052092023,2.067248411
-0.439543177,-0.474204558,0.442218259,0.660220788,-0.215599932,0.461206883
-0.940458111,0.822097116,-0.742174678,-0.545181016,-0.215599932,0.225903581
-0.908147518,0.031942184,-0.098146429,1.10431619,-0.215599932,0.915285773
0.705235889,0.673710086,-0.635290761,-0.07032576,-0.215599932,0.522231936
0.571911025,1.039287998,-0.957817522,-0.545181016,-0.215599932,0.130221113
-0.41174091,-0.022333089,0.096236814,-0.545181016,-0.215599932,0.18164419
-0.107412011,1.410892723,-1.446896688,0.081627922,0.305188474,0.504351772
1.205852863,0.295941047,-0.299452438,-0.077413152,0.095318519,0.795872149
0.569835169,0.595859399,-0.616416204,0.15127336,0.09301542,0.880649813
0.236919452,-0.070173665,0.143736404,-0.545181016,-0.215599932,0.159285876
0.328727897,0.48536165,-0.465245794,0.128807089,-0.215599932,0.631136604
2.939270886,1.858915343,-1.78376422,-0.402399937,-0.215599932,-0.576761043
-0.936794923,-0.589100474,0.658964539,-0.545181016,-0.215599932,-0.228139882
-0.333109313,1.067489723,-0.985818238,-0.545181016,-0.215599932,0.114492918
9.029332069,1.551793414,-1.484645801,-0.334134236,-0.215599932,-0.157627261
0.697111866,-0.254317548,0.142471134,1.616229116,-0.215599932,0.94136703
0.97837508,1.069194943,-1.062006232,0.329436107,-0.215599932,0.512142297
1.717690581,0.703228799,-0.6241536,-0.545181016,-0.215599932,0.259494685
0.374442207,1.076890298,-0.99515181,-0.545181016,-0.215599932,0.109079157
0.695424179,1.571222967,-1.512004043,-0.239420559,-0.215599932,-0.136180012
-0.333574946,0.691701742,-1.246691572,-0.545181016,4.731889918,1.999197126
0.616484257,1.087994332,-1.149500273,0.716850403,0.064018004,0.848327816
2.121072115,2.059836577,-2.080047261,-0.118780378,0.351244591,-0.450592673
0.634735566,-1.041755297,0.863867712,1.847219512,0.102438789,0.488879046
0.308346544,0.946122163,-0.966220944,-0.222083626,0.357088349,0.758732895
0.460128592,1.163969307,-1.362599797,-0.037643414,1.639840541,1.208278134
0.970673511,1.466082031,-1.516729134,-0.016228326,0.487574287,0.498081755
-0.726010579,-0.638888703,0.708397901,-0.545181016,-0.215599932,-0.279970102
0.544302886,-1.643988595,1.539496302,1.413596916,-0.215599932,-1.124058096
1.545508199,1.327395758,-1.243871781,-0.545181016,-0.215599932,-0.06729647
0.482210305,0.86087624,-0.83723252,-0.013987001,-0.12733071,0.576432799
-0.073494661,-0.267391911,0.134210387,1.865622593,-0.215599932,1.00736453
1.414088793,1.5601788,-1.587391507,-0.545181016,0.661517383,0.214677282
1.81841986,0.128578646,-0.079642233,-0.239420559,-0.215599932,0.42396381
-1.055897261,2.087589763,-2.110337912,0.766134754,-0.215599932,-0.58095408
0.096064276,-0.037365599,0.002207013,-0.545181016,0.634666853,0.764370624
1.685528185,0.397578682,-0.359651383,-0.087656244,-0.215599932,0.539976781
0.417953365,1.953381994,-1.953398522,0.258420187,-0.062987945,-0.355233116
-0.694777905,0.317866561,-0.241538048,-0.545181016,-0.215599932,0.278681829
0.656003383,0.973729595,-0.930770117,-0.247409549,-0.116637764,0.431893616
1.038623854,0.28629005,-0.277766387,0.24824802,-0.215599932,0.671439689
-0.137411382,0.362820759,-0.897079652,5.379878601,0.613515938,2.45004596
0.29811443,0.317866561,-0.241538048,-0.545181016,-0.215599932,0.278681829
0.135923947,0.244992233,-0.169183135,-0.545181016,-0.215599932,0.266946693
-0.760416321,-0.71548598,0.784449227,-0.545181016,-0.215599932,-0.365059333
-0.022464351,-0.751453397,0.820160285,-0.545181016,-0.215599932,-0.4072984
-0.211553621,2.136805116,-2.644615018,-0.545181016,4.4440858,-0.271099518
0.719920714,1.219423338,-1.172741934,-0.121661463,-0.215599932,0.238988152
-0.371613728,0.34619577,-0.488606792,1.23440272,0.310117071,1.403330865
0.699767831,1.221810109,-1.139038699,-0.545181016,-0.215599932,0.014673962
-1.26244285,0.291846371,-0.542568814,-0.545181016,2.335200421,1.53521433
1.464594491,1.387109269,-1.303159682,-0.545181016,-0.215599932,-0.118700904
1.34576606,0.708848198,-0.695106046,-0.204060506,0.06782233,0.687893136
0.10658541,1.149381329,-1.149684969,0.101013765,-0.000841826,0.556689024
-0.541206751,0.120381803,-0.156685937,0.107744961,0.218390406,0.92311908
0.73628013,1.234237505,-1.431087021,0.025943301,1.587585435,1.153321565
-0.745782797,-0.276792486,0.34888254,-0.545181016,-0.215599932,0.037381034
-0.418628033,-0.334301885,0.301299625,0.683856118,-0.215599932,0.579488217
1.800669009,0.983824606,-0.923283306,-0.545181016,-0.055357345,0.303085384
0.356480796,0.695435859,-0.616416204,-0.545181016,-0.215599932,0.261238322
0.693096988,0.706551371,-0.689531596,0.183666586,-0.215599932,0.617847368
0.736017321,0.727113203,-0.755360446,0.085834693,0.203826972,0.892449514
1.834249121,1.730685118,-1.816506135,-0.3896453,1.024987833,0.219024896
2.007890626,0.669407953,-0.815226419,0.385723348,0.918790654,1.382904327
2.318424709,1.769472187,-1.889727644,0.426615787,0.753308729,0.356413996
0.266986919,0.231153661,-0.21509463,0.155164166,-0.215599932,0.625598519
-0.297735748,-0.63670021,0.588888674,0.832421046,-0.215599932,0.371838499
-1.002189755,-0.606468461,0.552050523,0.912514189,-0.215599932,0.431188814
1.529716428,2.172362068,-2.210363754,-0.331253051,0.637568787,-0.642265718
-0.712297214,-1.022258074,1.089034789,-0.545181016,-0.215599932,-0.774903445
0.39603728,0.550787949,-0.519630885,-0.178626082,-0.093778082,0.611653728
-0.026060411,0.579780998,-0.550565524,0.029873055,-0.215599932,0.581581027
1.352305728,0.887005376,-0.806620301,-0.545181016,-0.215599932,0.201987253
0.504106695,0.859737018,-0.779546299,-0.545181016,-0.215599932,0.212516796
2.298374644,1.326850907,-1.320148125,-0.545181016,0.383868736,0.328296866
0.173184462,0.141034183,-0.21509463,0.855509349,0.017154663,1.071001391
1.474448856,0.792522907,-0.752067166,-0.084292091,-0.215599932,0.483422395
1.661133325,0.042321406,-0.07238332,0.06783506,0.191862879,0.865720484
0.135926083,0.330425898,-0.337426667,0.43420795,-0.215599932,0.746771999
0.531554156,0.882509011,-0.889677347,0.139856075,0.012067131,0.733069828
0.546433105,0.008358286,0.065764193,-0.545181016,-0.215599932,0.194843448
-1.038399983,0.779080085,-0.752852284,0.081627922,-0.215599932,0.556525488
0.372051667,-0.21031162,0.069323395,1.460607587,0.117704648,1.200754707
0.301755571,0.410883467,-0.42438016,-0.013987001,0.137476953,0.85805263
-0.321796913,-0.196111824,0.216943893,0.063371351,-0.215599932,0.42203412
-0.722592598,1.097761299,-1.089343819,0.317400091,-0.215599932,0.489892239
1.398366724,-0.941601142,1.008952743,-0.545181016,-0.215599932,-0.655926944
2.112482792,2.282473922,-2.246806097,-0.331253051,0.068789641,-1.09512485
1.451670976,0.853892312,-0.820167628,-0.181813516,-0.094837403,0.533327317
-0.058352361,0.146774778,-0.099617579,-0.217008797,-0.215599932,0.440266627
0.952944127,0.396706479,-0.319816032,-0.545181016,-0.215599932,0.285868266
1.228846438,1.108572235,-1.026607933,-0.545181016,-0.215599932,0.090201252
3.562472885,0.91710981,-0.903037306,0.04062173,-0.085808429,0.607539724
-0.555253864,-1.156686295,1.222504867,-0.545181016,-0.215599932,-0.992464272
1.89305463,0.994165239,-0.913016377,-0.545181016,-0.215599932,0.15379291
0.472549052,2.002567303,-1.989851452,-0.101265338,0.079464321,-0.470113124
-0.463120157,1.040922881,-0.959440752,-0.545181016,-0.215599932,0.129330304
0.362022811,1.608694248,-1.563306681,-0.0738961,-0.215599932,-0.111657142
-1.09815132,2.490720122,-2.469773568,-0.267831929,0.153099824,-1.522122761
1.993216115,-0.432761557,0.025948217,3.357131441,0.919191924,2.027275856
-0.119545852,-0.514418129,0.584814496,-0.545181016,-0.215599932,-0.155412206
2.095159262,0.888784322,-0.848628802,-0.23020165,-0.110918845,0.483935219
-0.562199897,-0.729679005,0.798541091,-0.545181016,-0.215599932,-0.381550746
-0.748992889,0.207268336,-0.183814001,-0.08654033,-0.113982682,0.620377393
-0.187294466,0.354354972,-0.345346173,0.24824802,-0.215599932,0.677909412
1.477121906,0.730557621,-0.906067827,0.270622374,1.23040692,1.448488448
0.621235822,0.345963407,-0.306001777,-0.115859826,-0.215599932,0.524064965
0.432071777,0.61276424,-0.534333831,-0.545181016,-0.215599932,0.276278191
-0.154277859,0.399731587,-0.345346173,-0.280704671,-0.215599932,0.448312655
0.942736678,1.69002897,-1.635325034,-0.176469876,-0.215599932,-0.250159868
1.941837713,1.637039682,-1.571009085,-0.313886205,-0.215599932,-0.244615751
1.070242313,0.751089552,-0.799658229,0.957443151,-0.215599932,0.867494206
1.432305484,0.363743237,-0.323907068,-0.11289899,-0.215599932,0.526784775
-0.556832944,2.403651833,-2.347930569,-0.545181016,0.061231114,-1.475154573
1.520161261,1.970365833,-1.889503025,-0.545181016,-0.159069304,-0.774725911
0.358281335,0.679521019,-0.67055545,-0.271465323,0.148269697,0.715045648
1.380552517,0.467249803,-0.389856554,-0.545181016,-0.215599932,0.287454542
0.934977162,0.490484816,-0.435452555,-0.280704671,-0.215599932,0.448312655
1.205079076,0.507957421,-0.430274027,-0.545181016,-0.215599932,0.286289461
1.229714906,0.892435774,-0.812011994,-0.545181016,-0.215599932,0.199806691
-1.328812559,0.058146516,-0.082535893,-0.545181016,0.555938447,0.757637554
2.462473624,0.967864065,-0.901410284,-0.374852501,-0.215599932,0.274916512
0.49837155,-0.798211039,0.86658466,-0.545181016,-0.215599932,-0.464438909
0.233551405,-0.227080971,0.028060781,-0.545181016,1.902861378,1.242427037
-1.147577599,-1.784017992,1.84536523,-0.545181016,-0.215599932,-2.410708516
-0.459608894,0.093808783,-0.043908894,-0.253641975,-0.215599932,0.406057258
0.871001279,1.953451056,-1.932855064,-0.545181016,0.310301403,-0.481479392
1.612636303,2.102512202,-2.031622743,-0.545181016,-0.073888801,-0.93590053
-0.598269599,0.859737018,-0.824036325,-0.022840234,-0.215599932,0.484896403
0.619040908,1.32913392,-1.289358236,-0.339669889,-0.010699575,0.224063277
0.836181715,2.054859145,-2.024657573,0.141732889,-0.215599932,-0.684283092
0.198172854,-0.021514652,0.065764193,-0.196953828,-0.215599932,0.390775179
1.935371926,1.631376175,-1.724346299,0.071756915,0.768567134,0.447849646
2.72180413,0.588244729,-0.509989084,-0.545181016,-0.215599932,0.279526279
1.113479256,0.586382978,-0.587528009,0.386876885,-0.215599932,0.719170898
-0.359979799,-0.321816292,0.323338027,0.279567587,-0.215599932,0.43179653
0.751765295,-0.516007115,0.472800601,0.343909676,0.079882852,0.561782598
0.268283059,-0.274539813,0.297440365,0.032523074,-0.215599932,0.35884423
1.360323368,0.72857426,-0.692547585,-0.037643414,-0.215599932,0.522684893
1.214099829,0.258059561,-0.182157325,-0.545181016,-0.215599932,0.269411631
-0.53622791,-0.276792486,0.34888254,-0.545181016,-0.215599932,0.037381034
-0.577207987,-0.834058565,0.902176681,-0.545181016,-0.215599932,-0.509982955
0.866596855,1.200608578,-1.117988282,-0.545181016,-0.215599932,0.029780757
0.298343248,1.741427996,-1.772720702,0.607041297,-0.062426871,0.065225143
0.562397586,0.660647121,-0.615665318,-0.148466498,-0.215599932,0.490406259
-0.324349277,-0.18368203,0.171692826,0.449753806,-0.215599932,0.587675816
0.255991845,0.277214727,-0.319816032,0.847727736,-0.215599932,0.886187803
1.493624034,0.456452355,-0.592688191,1.962054737,-0.215599932,1.213128844
-0.117558146,0.08418959,-0.00952662,-0.545181016,-0.215599932,0.223646094
1.3433013,-1.634653302,1.499331695,1.77633357,-0.215599932,-0.976593802
-0.955875411,1.850988104,-1.863522913,0.333523103,-0.020912677,-0.144771569
1.086349753,0.540846754,-0.46292894,-0.545181016,-0.215599932,0.284235851
0.117239857,0.548369087,-0.538843852,-0.277313949,0.140494705,0.730762326
0.016127773,-0.359179547,0.370695832,0.15909869,-0.215599932,0.353991259
0.453637353,0.212037408,-0.16200771,-0.245272433,-0.215599932,0.442151135
0.282690194,0.600116103,-0.562530066,-0.066700911,-0.215599932,0.537520889
-0.503709017,0.483071805,-0.405565785,-0.545181016,-0.215599932,0.287182594
-0.952685098,0.879069504,-0.959440752,-0.33554592,0.899131103,0.994944709
-0.152461995,-0.465341159,0.536087324,-0.545181016,-0.215599932,-0.110837155
-0.030285075,-0.052194967,0.053739862,0.30185809,-0.215599932,0.596249679
0.175023448,1.383866562,-1.33714429,-0.326780689,-0.070432432,0.140217337
0.160070977,0.403735406,-0.326794859,-0.545181016,-0.215599932,0.286231435
-0.461670987,-1.784017992,1.84536523,-0.545181016,-0.215599932,-2.410708516
0.090053853,-0.081260528,0.154744245,-0.545181016,-0.215599932,0.15379291
2.194576749,0.572505495,-0.763222621,1.033114872,0.833470237,1.582192395
0.073982361,-0.365932055,0.248958418,0.560952404,0.519630758,1.046058846
-0.594757378,-0.081260528,0.154744245,-0.545181016,-0.215599932,0.15379291
-0.723389397,-0.224342926,0.250980181,-0.007147593,-0.215599932,0.373446154
-0.707046554,-2.232112062,2.29026549,-0.545181016,-0.215599932,-4.315518473
0.384274853,1.266111984,-1.219844142,-0.401087008,-0.024045576,0.235919804
0.459678079,1.574593631,-1.514255419,-0.39873033,-0.118256304,-0.124001737
0.329643934,-0.081260528,0.072608813,0.419140427,-0.215599932,0.628927299
0.825154238,0.871259437,-0.821494038,-0.18700448,-0.215599932,0.409169823
-0.353422909,0.353046031,-0.789813229,-0.545181016,3.790464724,1.934800695
-0.340930663,-0.712488696,0.781473306,-0.545181016,-0.215599932,-0.361605938
-0.228063264,-1.54273657,1.468911165,1.06202139,-0.215599932,-1.00416724
-1.221071908,-0.497554373,0.568070937,-0.545181016,-0.215599932,-0.139810343
0.560547364,-0.431281179,0.451904041,0.046148171,-0.215599932,0.247433143
0.533855461,-0.344775451,0.34566833,0.285029498,-0.215599932,0.417457677
0.141098925,-0.209522317,0.184132152,0.604927127,-0.215599932,0.631360402
-0.768125811,0.97922877,-0.972336412,-0.545181016,0.363053852,0.562364902
-0.223109502,-0.439735784,0.510664452,-0.545181016,-0.215599932,-0.088578351
-1.208425787,0.89720062,-0.86050356,-0.031403198,-0.215599932,0.465784832
-0.119190409,-0.991236177,1.058234002,-0.545181016,-0.215599932,-0.728150466
-0.931823029,0.056027868,0.018434378,-0.545181016,-0.215599932,0.213580705
-0.078599282,-0.087476862,0.130056138,-0.182863711,-0.215599932,0.367141561
1.033720485,1.327126241,-1.281602784,-0.322117337,-0.06733277,0.194931365
-0.773360324,0.085615884,-0.056966913,-0.004828483,-0.215599932,0.520797343
-0.465600899,-0.038809511,0.04234839,0.279567587,-0.215599932,0.593210485
-0.068173864,-0.71548598,0.64755684,1.06202139,-0.215599932,0.369533577
0.705787313,1.204574628,-1.168350439,-0.000129766,-0.215599932,0.299176303
0.67759671,-0.983850011,0.955564712,0.574120659,-0.215599932,-0.153985646
-0.59002822,1.422757904,-1.390767463,-0.085418959,-0.113734229,0.175898381
0.546471676,0.101358942,-0.060150975,-0.545181016,0.046431971,0.45888911
1.575089408,1.000762943,-1.017827236,-0.160635655,0.295603411,0.723551762
1.979736737,0.624487631,-0.57377993,-0.218718028,-0.215599932,0.464560154
0.895427074,-0.608827885,0.527453141,1.228806545,-0.215599932,0.538183503
-0.594001537,-0.081260528,0.154744245,-0.545181016,-0.215599932,0.15379291
-0.090717542,1.653096633,-1.968432946,-0.545181016,2.915151175,0.682278178
-0.235596469,-0.137861884,0.04234839,1.434215631,-0.215599932,0.949221583
-0.209241449,1.087103268,-1.005291987,-0.545181016,-0.215599932,0.103100345
0.211144225,1.091252287,-1.009411433,-0.545181016,-0.215599932,0.100642498
-0.268844336,-0.817078158,0.885317302,-0.545181016,-0.215599932,-0.488219774
0.035197944,0.222664145,-0.437166535,2.861389301,-0.215599932,1.435629925
-0.966312522,-1.784017992,1.84536523,-0.545181016,-0.215599932,-2.410708516
-0.334335977,0.415089826,-0.420203782,-0.223740535,0.211713632,0.809576548
0.588589446,0.825970687,-0.796625409,0.048950679,-0.215599932,0.52714432
0.459245905,1.119386047,-1.073911814,-0.115859826,-0.215599932,0.310874705
0.240787605,-0.948021594,0.935643805,0.390354713,-0.215599932,-0.177248761
-0.237027559,-1.4639508,1.527579331,-0.545181016,-0.215599932,-1.592032953
0.077920404,0.234089885,-0.158358494,-0.545181016,-0.215599932,0.26476936
0.03039751,-0.205947574,0.20116862,0.363237735,-0.215599932,0.540969623
1.323242479,-2.232112062,2.29026549,-0.545181016,-0.215599932,-4.315518473
0.831869047,0.65978916,-0.581023579,-0.545181016,-0.215599932,0.26849758
-1.109115042,0.534381759,-0.572570961,0.817447111,-0.215599932,0.874208596
0.621003689,-0.234892781,0.154744245,1.245701665,-0.215599932,0.837309815
2.104906809,0.496256135,-0.43302708,-0.376457211,-0.215599932,0.397729293
0.724700234,0.665338312,-0.680196392,0.240293844,-0.006762476,0.832262378
0.12668964,-0.240582864,0.312931004,-0.545181016,-0.215599932,0.061757484
0.571982186,-0.36180638,0.278542578,1.271656486,-0.215599932,0.762467259
-0.101644253,0.958711642,-1.053819976,-0.200780501,0.92898997,1.029396113
-1.315078683,-1.129111275,-0.858259422,1.06202139,14.74037478,3.335858619
-0.398917501,-1.025001507,0.982803503,0.734020899,-0.215599932,-0.152385302
0.600551572,1.163969307,-1.107154672,-0.245272433,-0.215599932,0.224421168
1.161281532,1.509576666,-1.449356966,-0.256328971,-0.215599932,-0.077263858
-0.550402733,0.089829935,-0.015126763,-0.545181016,-0.215599932,0.22557267
1.033681628,-0.081260528,0.154744245,-0.545181016,-0.215599932,0.15379291
0.259133401,0.255438193,-0.304293032,0.04062173,0.368461831,1.011585119
-0.537426522,-0.324098605,0.395851482,-0.545181016,-0.215599932,0.003572023
0.3388582,0.194733695,-0.119282817,-0.545181016,-0.215599932,0.255994027
1.500793438,1.278239969,-1.21521278,-0.308649342,-0.215599932,0.110506438
0.816449187,0.68822515,-0.60925689,-0.545181016,-0.215599932,0.262801595
-0.506793972,0.945282249,-0.864481804,-0.545181016,-0.215599932,0.177130502
0.333413693,0.353611093,-0.306201597,-0.202662471,-0.215599932,0.483997866
1.322507101,0.060462247,-0.399829101,-0.059282615,2.691126051,1.8912242
1.060890086,0.373727296,-0.317534492,-0.304100656,-0.215599932,0.434907577
-0.424579198,-0.215688749,0.288214323,-0.545181016,-0.215599932,0.0777666
-0.555676697,-0.398999959,0.470218974,-0.545181016,-0.215599932,-0.054561281
0.194481839,0.618060052,-0.539591897,-0.545181016,-0.215599932,0.275503901
-0.397339001,-0.773907632,0.842454476,-0.545181016,-0.215599932,-0.434421584
-0.903787921,-0.618973412,0.555154478,1.02184133,-0.215599932,0.457315038
-0.130792904,0.663265003,-0.584474647,-0.545181016,-0.215599932,0.267841444
-0.436599932,-0.519044469,0.542161816,0.009517159,-0.215599932,0.153915705
-0.665724641,-1.296959221,1.361777992,-0.545181016,-0.215599932,-1.247240581
1.665493002,-0.212276865,0.257726234,-0.22700389,-0.215599932,0.275701547
0.277551569,-0.604173974,0.575970912,0.604927127,-0.215599932,0.319920852
-0.530049206,-1.404861472,1.468911165,-0.545181016,-0.215599932,-1.464485775
0.815820765,0.152086572,-0.076939664,-0.545181016,-0.215599932,0.244862889
-0.292648041,0.288417079,-0.379136066,-0.545181016,1.086371082,1.063785664
-0.919055682,1.022465917,-0.941115341,-0.545181016,-0.215599932,0.139237534
2.429539838,1.091252287,-1.009411433,-0.545181016,-0.215599932,0.100642498
0.657975776,0.523332067,-0.472100299,-0.233335773,-0.215599932,0.469803748
-0.692813563,0.0979771,-0.023215859,-0.545181016,-0.215599932,0.228302929
0.084840914,-1.310318547,1.069967636,3.036584346,-0.215599932,0.107749128
-0.8433765,0.133824625,-0.058807879,-0.545181016,-0.215599932,0.239579179
-0.557623288,0.456452355,-0.379136066,-0.545181016,-0.215599932,0.287508096
0.442406423,0.82259926,-0.742673243,-0.545181016,-0.215599932,0.225733731
-1.22371925,0.031942184,0.04234839,-0.545181016,-0.215599932,0.204381058
1.351438972,0.960558183,-0.879648858,-0.545181016,-0.215599932,0.170082142
-1.079340725,-0.439735784,0.429773496,0.404529496,-0.215599932,0.391643329
0.57370944,1.079227164,-1.042716114,-0.013987001,-0.215599932,0.378017778
0.608014691,-0.920617224,0.857903679,0.983621272,-0.215599932,0.089199985
-0.211337637,-1.254452274,1.238683058,0.404529496,-0.215599932,-0.665829077
-0.202761739,0.667912478,-0.589088997,-0.545181016,-0.215599932,0.266946693
0.037218102,0.279831335,-0.398620749,1.284918074,0.088510086,1.278096957
0.158094914,-0.126609807,0.103285902,0.587606222,-0.215599932,0.670340859
0.954847832,1.539708892,-1.610170764,-0.240904833,0.79563969,0.453812014
-0.664928384,0.529116258,-0.451282054,-0.545181016,-0.215599932,0.285082393
-0.322909852,0.33955825,-0.263075129,-0.545181016,-0.215599932,0.281229402
0.933200799,0.456452355,-0.441215172,0.183666586,-0.215599932,0.654254382
-0.682981255,1.926761021,-1.838965042,-0.545181016,-0.215599932,-0.762116969
0.944580484,-0.324098605,0.395851482,-0.545181016,-0.215599932,0.003572023
-0.513337327,-0.311708907,0.383550093,-0.545181016,-0.215599932,0.012642777
-0.201087474,0.734579709,-0.839377714,1.616229116,-0.215599932,1.059213253
-0.631241606,0.771329269,-0.691768681,-0.545181016,-0.215599932,0.241859655
0.753241624,0.951148208,-0.913016377,-0.043733866,-0.215599932,0.435934603
0.168364488,-0.658318257,0.597474259,0.983621272,-0.215599932,0.403610388
-1.21134009,-0.026110489,-0.036905097,1.06202139,-0.215599932,0.880376847
-0.33216573,-0.12801817,0.20116862,-0.545181016,-0.215599932,0.129330304
-0.103441608,1.06586029,-0.984200419,-0.545181016,-0.215599932,0.115422594
-0.409317905,0.143828586,-0.068740536,-0.545181016,-0.215599932,0.242512085
-1.119229669,-0.047653473,0.121376726,-0.545181016,-0.215599932,0.170082142
-0.319478618,-0.439735784,0.458323245,0.069337551,-0.215599932,0.25075936
-0.189703023,0.220613371,-0.33230446,1.654148592,-0.215599932,1.125892798
0.783346984,0.405724725,-0.328769999,-0.545181016,-0.215599932,0.286325974
-0.510040632,-0.439735784,0.510664452,-0.545181016,-0.215599932,-0.088578351
-1.212650006,-0.887829853,0.955564712,-0.545181016,-0.215599932,-0.581183712
-0.891478443,-1.383091719,1.447296577,-0.545181016,-0.215599932,-1.419067577
-0.438074743,0.843993172,-0.860109319,-0.262834648,0.347414561,0.781673422
1.97501332,-1.445215159,1.378762519,0.983621272,-0.215599932,-0.81540844
0.62796278,0.390068049,-0.346180491,-0.158261919,-0.215599932,0.507366743
0.650454454,-0.074410683,0.147943222,-0.545181016,-0.215599932,0.157200528
1.235345186,0.16519121,-0.156685937,0.238330157,-0.215599932,0.64527972
0.08405514,0.430349788,-0.353219546,-0.545181016,-0.215599932,0.287195113
-0.872395778,-0.577610882,0.64755684,-0.545181016,-0.215599932,-0.216561794
-0.643796882,-0.751453397,0.665412369,1.271656486,-0.215599932,0.400873617
-0.260122548,-0.753401632,0.822094634,-0.545181016,-0.215599932,-0.409628664
2.721002374,0.456452355,-0.642316501,-0.103766271,1.544811579,1.490851738
0.569503328,0.425007157,-0.418162405,-0.361903549,0.210776541,0.7384336
-0.038543133,0.900649954,-0.820167628,-0.545181016,-0.215599932,0.196455429
1.622946205,0.306446615,-0.253112817,-0.276164305,-0.215599932,0.442704135
0.17060168,-1.383091719,1.306801758,1.10431619,-0.215599932,-0.641408723
-0.331529691,-0.946276906,1.01359518,-0.545181016,-0.215599932,-0.662596957
-0.447867081,0.673541407,-0.627838074,-0.155858694,-0.215599932,0.484332952
0.066116978,-0.191394492,0.135447366,-0.16758527,0.53734716,0.859467908
0.132872484,-1.599508669,1.662171006,-0.545181016,-0.215599932,-1.910163788
-0.490248708,1.315684282,-1.23224378,-0.545181016,-0.215599932,-0.05764583
-1.095909975,-0.630414111,0.586392156,0.788455023,-0.215599932,0.362205141
1.809743405,0.277214727,-0.201175962,-0.545181016,-0.215599932,0.272739892
-1.193903876,0.880962526,-0.800620522,-0.545181016,-0.215599932,0.204381058
1.45240875,0.369724471,-0.293026339,-0.545181016,-0.215599932,0.284052364
0.133574968,0.138712924,-0.087928624,-0.260267863,-0.215599932,0.41634338
1.578133636,1.841924269,-1.9480601,1.550002065,-0.099546805,0.105766506
-0.41352804,0.008358286,0.065764193,-0.545181016,-0.215599932,0.194843448
-0.633434608,-0.817078158,0.885317302,-0.545181016,-0.215599932,-0.488219774
1.460336414,1.31280991,-1.229389895,-0.545181016,-0.215599932,-0.055298719
0.063164412,0.939015199,-0.903890218,-0.009446881,-0.215599932,0.455845445
-0.260341632,0.10577004,-0.263075129,2.180075238,-0.215599932,1.248758941
-1.057844629,-0.738465163,0.807264625,-0.545181016,-0.215599932,-0.391874788
-0.770559771,0.456452355,-0.379136066,-0.545181016,-0.215599932,0.287508096
-0.347996015,-1.383091719,1.306801758,1.10431619,-0.215599932,-0.641408723
-0.354145362,0.69137546,-0.612384746,-0.545181016,-0.215599932,0.262124533
-0.884497929,-0.240582864,0.312931004,-0.545181016,-0.215599932,0.061757484
-0.696846751,0.883607449,-0.803246594,-0.545181016,-0.215599932,0.203337537
-0.653897687,-0.920617224,0.923011034,0.219220128,-0.215599932,-0.211767327
-0.962516786,-0.829382801,0.433290494,4.905331492,-0.215599932,1.273914885
-0.758071227,-0.318218748,0.299525346,0.517207015,-0.215599932,0.528386778
0.491982378,-0.026110489,0.09998729,-0.545181016,-0.215599932,0.179957972
1.141209403,2.15422144,-2.382468136,-0.063945747,1.943522823,-0.22093415
-0.510480788,0.971283839,-0.890298066,-0.545181016,-0.215599932,0.165000547
-1.180330657,-0.439735784,0.510664452,-0.545181016,-0.215599932,-0.088578351
0.248595436,0.957710128,-0.876821102,-0.545181016,-0.215599932,0.17141308
-0.713139379,-1.156686295,0.902176681,-0.545181016,2.284184414,0.422732727
0.120526777,1.688159206,-1.654662918,0.072364736,-0.215599932,-0.155010349
1.179031391,1.312362376,-1.268936585,-0.545181016,0.096483008,0.184165383
-0.831366789,-0.150642836,0.051412572,1.476783301,-0.215599932,0.955969352
-0.56115723,-0.439735784,0.510664452,-0.545181016,-0.215599932,-0.088578351
-0.673484927,0.600998829,-0.522652279,-0.545181016,-0.215599932,0.277905878
-1.146423247,-0.494885823,0.483285975,0.419140427,-0.215599932,0.350240798
0.06063413,-1.156686295,1.222504867,-0.545181016,-0.215599932,-0.992464272
-1.019133859,-1.335923923,1.400464971,-0.545181016,-0.215599932,-1.323447996
2.838902524,-0.215688749,0.176989258,0.543028946,-0.070936486,0.746671846
-0.059437928,1.772611505,-2.110337912,1.815187371,1.527624856,0.873010738
-0.872444851,-0.630414111,0.586392156,0.788455023,-0.215599932,0.362205141
0.022564662,0.930904899,-0.850206929,-0.545181016,-0.215599932,0.18356171
-0.073903743,-0.791809695,0.860228942,-0.545181016,-0.215599932,-0.456465566
-0.772958994,-0.439735784,0.399439388,0.760670939,-0.215599932,0.527068242
1.296124868,0.118693006,-0.124268581,0.399757082,-0.215599932,0.696118913
0.229260389,2.108917405,-2.537934793,-0.545181016,3.827651822,-0.174008107
0.325020985,-0.059534755,0.133173323,-0.545181016,-0.215599932,0.164446491
1.184109036,-0.887829853,0.788727114,1.413596916,-0.215599932,0.281477413
1.292627779,1.209250392,-1.169278927,-0.043733866,-0.215599932,0.278441856
-0.773537073,-0.817078158,0.885317302,-0.545181016,-0.215599932,-0.488219774
-0.517869533,-0.455739143,0.478885862,0.014469821,-0.215599932,0.2124799
-0.432597648,-1.6660985,1.587791396,1.10431619,-0.215599932,-1.29251232
1.54360238,2.175370589,-2.085802635,-0.545181016,-0.215599932,-1.181806637
-0.742848445,-0.36180638,0.433290494,-0.545181016,-0.215599932,-0.024984162
-0.418045742,0.705906786,-0.626812499,-0.545181016,-0.215599932,0.258882508
0.185808176,-0.068899312,0.142471134,-0.545181016,-0.215599932,0.159909723
-0.749425062,-0.026110489,0.09998729,-0.545181016,-0.215599932,0.179957972
-0.839696262,-0.887829853,0.955564712,-0.545181016,-0.215599932,-0.581183712
0.159013412,1.20147623,-1.11884975,-0.545181016,-0.215599932,0.029171317
0.077693748,-0.110326089,0.12588585,0.132450268,-0.215599932,0.49896887
-0.925907849,-0.276792486,0.34888254,-0.545181016,-0.215599932,0.037381034
-0.694294139,-1.538288986,1.601387669,-0.545181016,-0.215599932,-1.761859847
-0.650690186,-0.081260528,0.154744245,-0.545181016,-0.215599932,0.15379291
-1.285567691,-1.4639508,0.764893172,-0.545181016,5.736267557,0.972598884
-0.18216477,-1.873636806,1.578425075,3.63354524,-0.215599932,-1.094123287
1.377019527,0.906821014,-0.961797319,1.045704614,-0.215599932,0.828670939
0.354982245,0.199867369,-0.279448871,1.275425859,-0.215599932,1.011381173
0.254003169,0.133824625,-0.058807879,-0.545181016,-0.215599932,0.239579179
-0.820335115,-0.251064597,0.182843209,1.10431619,-0.215599932,0.781285853
-0.450772748,-0.738465163,0.807264625,-0.545181016,-0.215599932,-0.391874788
0.625061682,1.452216954,-1.367803309,-0.545181016,-0.215599932,-0.178993109
-0.224953523,1.094416793,-1.035175432,-0.279584009,-0.215599932,0.253357904
0.672555656,0.907817184,-0.866253138,-0.087656244,-0.215599932,0.437501988
-0.130975959,0.819771871,-0.739866006,-0.545181016,-0.215599932,0.226687018
-1.267508155,-0.439735784,0.510664452,-0.545181016,-0.215599932,-0.088578351
-0.369390165,0.136385163,-0.061350167,-0.545181016,-0.215599932,0.240338743
0.148677337,0.314948965,-0.238641247,-0.545181016,-0.215599932,0.278306111
-0.115695438,-1.13473883,0.982803503,2.013222814,-0.215599932,0.11388258
-0.89110546,-0.35011697,0.421684401,-0.545181016,-0.215599932,-0.015978397
-0.85790103,-0.857956915,0.925904694,-0.545181016,-0.215599932,-0.541196365
-0.740529766,-0.002570838,0.076615419,-0.545181016,-0.215599932,0.190245456
-0.554354606,0.674444065,-0.667720018,0.30185809,-0.215599932,0.67051843
0.767338625,2.046463569,-2.015220891,0.128807089,-0.215599932,-0.67350633
0.220478931,-0.156729003,0.229674815,-0.545181016,-0.215599932,0.113265742
4.463725867,0.456452355,-0.495197003,0.817447111,-0.215599932,0.881341489
-1.070627439,-1.425542737,1.489445023,-0.545181016,-0.215599932,-1.508407348
1.646353636,-0.34540019,0.323338027,0.554483788,-0.215599932,0.523220918
1.331582538,-0.439735784,0.355916536,1.271656486,-0.215599932,0.703199507
3.357810248,1.085229517,-1.089541319,-0.039689937,0.120392588,0.622545932
-0.33002326,0.337489328,-0.308266998,0.009517159,-0.215599932,0.578900041
-0.788693369,1.719753708,-1.697756112,-0.545181016,0.286364796,-0.149799985
0.810745583,-0.35011697,0.364482939,-0.097460346,-0.066803244,0.391974702
-0.829520959,0.566189678,-0.542568814,0.094419941,-0.215599932,0.609908882
-0.430583974,-1.079870169,1.146236251,-0.545181016,-0.215599932,-0.865111588
-0.480312195,-0.18368203,0.256435733,-0.545181016,-0.215599932,0.097457796
-0.278399682,-1.186559233,1.252164885,-0.545181016,-0.215599932,-1.044254033
-0.167122165,-2.232112062,2.29026549,-0.545181016,-0.215599932,-4.315518473
1.860055108,1.41841577,-1.554652348,1.179981199,0.357745102,0.845476093
0.481597371,1.026753898,-1.188045628,0.404529496,1.046917415,1.264672268
-0.209008772,-0.292819695,0.364795515,-0.545181016,-0.215599932,0.026176578
0.020416058,-1.743282168,1.804919752,-0.545181016,-0.215599932,-2.292502165
-1.030102769,-0.521207433,0.470218974,0.879384753,-0.215599932,0.499934994
-1.280328006,-0.798211039,0.86658466,-0.545181016,-0.215599932,-0.464438909
-0.601484265,0.700867302,-0.837518151,0.087959325,1.046917415,1.316347794
-0.526553063,-1.241588329,1.16630694,1.10431619,-0.215599932,-0.371082869
-0.131600463,-0.311708907,0.383550093,-0.545181016,-0.215599932,0.012642777
2.434097829,-0.663782818,0.733114582,-0.545181016,-0.215599932,-0.306906183
-0.899079316,1.253064034,-1.268936585,0.615576277,-0.215599932,0.473365479
-0.90644261,-1.156686295,1.222504867,-0.545181016,-0.215599932,-0.992464272
-0.964903803,0.663265003,-0.584474647,-0.545181016,-0.215599932,0.267841444
-1.086797528,1.189697196,-1.107154672,-0.545181016,-0.215599932,0.037381034
-0.450206853,0.614603203,-0.536159687,-0.545181016,-0.215599932,0.27601225
-0.9540032,-1.54775021,1.610781457,-0.545181016,-0.215599932,-1.784263969
-0.423668027,-0.396019289,0.467259549,-0.545181016,-0.215599932,-0.05213905
-0.261815086,-0.081260528,0.154744245,-0.545181016,-0.215599932,0.15379291
-0.747437729,-0.695789538,0.764893172,-0.545181016,-0.215599932,-0.342551564
-0.641085695,-2.232112062,2.29026549,-0.545181016,-0.215599932,-4.315518473
-0.735867856,-0.260498156,0.332704349,-0.545181016,-0.215599932,0.048510871
-0.4795209,0.97529812,-0.894283735,-0.545181016,-0.215599932,0.163070458
-1.190121592,0.178325002,-0.102991078,-0.545181016,-0.215599932,0.251911228
-0.13576238,-0.132471279,0.205589989,-0.545181016,-0.215599932,0.126890839
0.126997952,-0.169651687,0.169371103,0.313461365,-0.215599932,0.542015347
-0.130083666,0.0979771,-0.023215859,-0.545181016,-0.215599932,0.228302929
0.074012759,-0.798211039,0.332704349,5.722908368,-0.215599932,1.475274239
0.205662983,0.622413122,-0.741647389,1.77633357,-0.215599932,1.135298796
-0.766505736,-0.547710258,0.296254689,-0.545181016,2.294223708,1.168423913
0.131497221,0.930904899,-0.850206929,-0.545181016,-0.215599932,0.18356171
1.462059629,0.035001717,-0.076122917,0.810081553,-0.215599932,0.818340137
0.308514539,0.114271429,-0.136463197,0.594471599,-0.215599932,0.766973266
-0.447332188,0.272304107,-0.342568922,1.172103746,-0.215599932,0.989544157
-0.834903021,-1.743282168,1.319574015,5.15308206,-0.215599932,-0.329957458
-0.057279833,-0.061527945,0.135152307,-0.545181016,-0.215599932,0.163487878
-0.435195209,-0.887829853,0.955564712,-0.545181016,-0.215599932,-0.581183712
-0.597099611,-0.163985587,0.236879677,-0.545181016,-0.215599932,0.109079157
-1.278012635,-0.650603581,0.615346866,0.683856118,-0.215599932,0.302438862
-0.976820035,-0.311708907,0.383550093,-0.545181016,-0.215599932,0.012642777
-0.08780989,-0.695789538,0.764893172,-0.545181016,-0.215599932,-0.342551564
1.107818351,0.482057731,-0.455404682,0.051779877,-0.215599932,0.599738087
-0.31197596,-0.18368203,0.256435733,-0.545181016,-0.215599932,0.097457796
1.670586855,-0.279906052,0.283963683,-0.145939654,0.049769957,0.508546078
-0.122939657,-1.010037327,0.591555409,5.15308206,-0.215599932,1.102347618
-1.20305168,1.100193131,-1.018288551,-0.545181016,-0.215599932,0.095289058
-0.439427664,-0.635776939,0.705308316,-0.545181016,-0.215599932,-0.276651218
-0.956824068,-0.439735784,0.510664452,-0.545181016,-0.215599932,-0.088578351
-0.105824194,-0.131671111,0.204795524,-0.545181016,-0.215599932,0.12733059
-0.611498666,-0.618973412,0.688624556,-0.545181016,-0.215599932,-0.258913049
0.143459675,-0.577610882,0.442218259,1.865622593,-0.215599932,0.769863564
-0.146933915,-0.439735784,0.399439388,0.760670939,-0.215599932,0.527068242
-0.918432833,-0.887829853,0.955564712,-0.545181016,-0.215599932,-0.581183712
-0.502656926,0.769076125,-0.689531596,-0.545181016,-0.215599932,0.242512085
-1.099040067,-0.154585012,0.227546106,-0.545181016,-0.215599932,0.114492918
-0.036333522,0.587601839,-0.574458131,0.219220128,-0.215599932,0.656234909
-0.53139379,-0.296345681,0.368296369,-0.545181016,-0.215599932,0.023677293
-1.167462229,-0.095048038,0.09998729,0.258420187,-0.215599932,0.558817414
-1.124787743,-0.439735784,0.510664452,-0.545181016,-0.215599932,-0.088578351
0.440320465,-0.565959465,0.635988469,-0.545181016,-0.215599932,-0.204965988
-0.241177901,-1.191377449,1.256948758,-0.545181016,-0.215599932,-1.052729036
-0.4693077,0.008358286,-0.082535893,1.195954924,-0.215599932,0.936455468
-0.990163068,-0.695789538,0.764893172,-0.545181016,-0.215599932,-0.342551564
-0.92958426,-1.848031431,1.90892241,-0.545181016,-0.215599932,-2.60672621
-0.742436457,-1.51516155,1.578425075,-0.545181016,-0.215599932,-1.707860163
-1.045689574,-0.018000189,0.091934797,-0.545181016,-0.215599932,0.18356171
-0.584752679,0.187595914,-0.112195911,-0.545181016,-0.215599932,0.254248715
-0.632824136,-0.492452733,0.405982038,1.298374685,-0.215599932,0.668272239
-0.55135612,-1.417395572,1.319574015,1.354240009,-0.215599932,-0.622858566
1.024084959,-1.335923923,1.400464971,-0.545181016,-0.215599932,-1.323447996
-0.626239734,-1.915810365,1.976218248,-0.545181016,-0.215599932,-2.829859616
-0.766267045,-0.215688749,0.288214323,-0.545181016,-0.215599932,0.0777666
-0.4385348,-0.334301885,0.405982038,-0.545181016,-0.215599932,-0.004013628
-0.087481781,0.904546425,-0.824036325,-0.545181016,-0.215599932,0.194843448
-1.148719411,-0.602679082,0.672446365,-0.545181016,-0.215599932,-0.242007343
-0.698981452,0.880962526,-0.800620522,-0.545181016,-0.215599932,0.204381058
0.730410586,-1.254452274,1.319574015,-0.545181016,-0.215599932,-1.16687138
-0.594302272,-1.4639508,1.336907791,1.693422335,-0.215599932,-0.606134525
0.087984542,0.80713467,-0.959440752,2.180075238,-0.215599932,1.169464725
-1.063367871,-1.743282168,1.804919752,-0.545181016,-0.215599932,-2.292502165
-1.380114398,-1.156686295,1.222504867,-0.545181016,-0.215599932,-0.992464272
-1.105276978,0.584479232,-0.506250426,-0.545181016,-0.215599932,0.279976037
-0.156559933,-0.991236177,1.058234002,-0.545181016,-0.215599932,-0.728150466
-0.696434262,-1.784017992,1.84536523,-0.545181016,-0.215599932,-2.410708516
-1.434001225,-0.45821389,0.529010855,-0.545181016,-0.215599932,-0.104573064
-0.593443961,-0.334301885,0.405982038,-0.545181016,-0.215599932,-0.004013628
-0.88510145,-0.439735784,0.510664452,-0.545181016,-0.215599932,-0.088578351
-0.818088712,-0.887829853,0.955564712,-0.545181016,-0.215599932,-0.581183712
-0.253120121,-1.003054042,0.917430404,1.245701665,-0.215599932,0.065704411
0.479242246,-1.694399178,1.756385178,-0.545181016,-0.215599932,-2.156719295
-0.68930331,-0.481418953,0.552050523,-0.545181016,-0.215599932,-0.125162155
-0.739061927,-0.439735784,0.392024383,0.847727736,-0.215599932,0.558430122
-0.032900563,-0.738465163,0.807264625,-0.545181016,-0.215599932,-0.391874788
-0.086634336,-0.311708907,0.192878553,-0.545181016,1.272366941,0.928609181
0.670109771,-1.172980625,0.99601019,2.303950522,-0.215599932,0.139416076
-0.74900387,-1.364833217,1.084729303,3.498747619,-0.215599932,0.128829168
1.715583888,-0.991236177,1.058234002,-0.545181016,-0.215599932,-0.728150466
-0.352215869,-0.260498156,0.154744245,1.544182112,-0.215599932,0.915716893
-1.284822368,-0.439735784,0.510664452,-0.545181016,-0.215599932,-0.088578351
-1.028315786,-0.334301885,0.091934797,3.141930386,-0.215599932,1.304996924
-1.497767702,1.67852709,-1.59250041,-0.545181016,-0.215599932,-0.424345652
-1.018700858,-1.371771448,1.436056992,-0.545181016,-0.215599932,-1.39577474
-0.892399828,1.053911114,-0.972336412,-0.545181016,-0.215599932,0.122161696
-0.649127995,-0.650603581,0.72002928,-0.545181016,-0.215599932,-0.292560488
-1.258630804,-1.037194543,1.103864798,-0.545181016,-0.215599932,-0.797864826
-0.370610028,-0.163985587,0.236879677,-0.545181016,-0.215599932,0.109079157
-0.455538767,-0.081260528,0.154744245,-0.545181016,-0.215599932,0.15379291
-0.815016068,1.157816986,-1.88792825,-0.545181016,6.124432828,1.721614617
-1.220350328,-1.223900405,1.289239906,-0.545181016,-0.215599932,-1.110834942
0.083443817,-1.223900405,1.289239906,-0.545181016,-0.215599932,-1.110834942
-1.024214884,0.792522907,-0.712811261,-0.545181016,-0.215599932,0.235491172
-0.625831574,-0.439735784,0.510664452,-0.545181016,-0.215599932,-0.088578351
-0.713406866,-0.784423529,0.64755684,1.865622593,-0.215599932,0.553297152
0.10146862,-0.784423529,0.852895421,-0.545181016,-0.215599932,-0.44732518
-1.081834121,-0.439735784,0.510664452,-0.545181016,-0.215599932,-0.088578351
-0.183696751,-0.991236177,1.058234002,-0.545181016,-0.215599932,-0.728150466
-1.268120046,-0.991236177,1.058234002,-0.545181016,-0.215599932,-0.728150466
-0.854687209,0.456452355,-0.379136066,-0.545181016,-0.215599932,0.287508096
0.024226507,-0.59559459,0.433290494,2.180075238,-0.215599932,0.845291168
-0.64255594,0.456452355,-0.379136066,-0.545181016,-0.215599932,0.287508096
-0.743974465,-1.223900405,1.289239906,-0.545181016,-0.215599932,-1.110834942
-0.443664411,-0.951843292,1.019121892,-0.545181016,-0.215599932,-0.670573438
0.206570311,-0.439735784,0.392024383,0.847727736,-0.215599932,0.558430122
-0.497436229,-0.141006404,-0.082535893,2.937090864,-0.215599932,1.358449439
-0.51096197,-1.425542737,1.489445023,-0.545181016,-0.215599932,-1.508407348
-0.651527138,0.220613371,-0.144978035,-0.545181016,-0.215599932,0.261925969
-0.864679478,-1.335923923,1.400464971,-0.545181016,-0.215599932,-1.323447996
0.237228924,-0.551759301,0.288214323,3.372374849,-0.215599932,1.199793029
-1.317779404,-1.4639508,0.002207013,-0.545181016,11.68813505,2.03105858
-0.99840224,-0.439735784,0.510664452,-0.545181016,-0.215599932,-0.088578351
-0.148919463,-1.559970957,1.622915101,-0.545181016,-0.215599932,-1.813476899
-0.237011665,-1.51516155,1.578425075,-0.545181016,-0.215599932,-1.707860163
-0.681545907,-0.76562238,0.834228277,-0.545181016,-0.215599932,-0.424345652
-0.611042761,-0.311708907,0.383550093,-0.545181016,-0.215599932,0.012642777
-0.094478643,-0.928565678,0.99601019,-0.545181016,-0.215599932,-0.637476901
-0.848303173,-1.51516155,1.578425075,-0.545181016,-0.215599932,-1.707860163
-0.943328792,-2.232112062,2.29026549,-0.545181016,-0.215599932,-4.315518473
-0.594902848,-0.638888703,0.708397901,-0.545181016,-0.215599932,-0.279970102
-1.217101418,-1.223900405,0.955564712,3.372374849,-0.215599932,0.352399979
-0.355334401,-0.439735784,0.510664452,-0.545181016,-0.215599932,-0.088578351
-0.507779431,-1.743282168,1.804919752,-0.545181016,-0.215599932,-2.292502165
0.165463006,-1.743282168,1.319574015,5.15308206,-0.215599932,-0.329957458
-0.346552611,-0.324098605,0.223632027,1.476783301,-0.215599932,0.854083509
-0.426477583,-0.141006404,0.21406428,-0.545181016,-0.215599932,0.122161696
-0.839133767,-1.156686295,1.222504867,-0.545181016,-0.215599932,-0.992464272
-1.222400372,1.040922881,-0.959440752,-0.545181016,-0.215599932,0.129330304
-0.646810101,-1.383091719,1.447296577,-0.545181016,-0.215599932,-1.419067577
1.283649154,-0.618973412,0.421684401,2.588863676,-0.215599932,0.937241535
-0.627021787,-2.232112062,2.29026549,-0.545181016,-0.215599932,-4.315518473
-0.506580134,-1.998323851,2.058143615,-0.545181016,-0.215599932,-3.127851686
-1.308168497,-2.232112062,2.29026549,-0.545181016,-0.215599932,-4.315518473
-0.315121145,-1.214817417,0.558761778,1.148897196,4.288516006,1.780616124
-1.316787966,0.008358286,0.065764193,-0.545181016,-0.215599932,0.194843448
-0.35715112,0.212037408,-0.136463197,-0.545181016,-0.215599932,0.260029
0.294637991,-1.111876888,0.955564712,2.066522894,-0.215599932,0.166833908
0.107639414,-1.119602648,1.093637206,0.53552405,-0.215599932,-0.37834681
-0.53064001,-0.577610882,0.64755684,-0.545181016,-0.215599932,-0.216561794
-1.275131404,-0.018000189,0.091934797,-0.545181016,-0.215599932,0.18356171
-1.144282762,1.128593459,-1.046486455,-0.545181016,-0.215599932,0.0777666
-0.885398672,0.663265003,-0.584474647,-0.545181016,-0.215599932,0.267841444
-1.049171381,0.143828586,-0.068740536,-0.545181016,-0.215599932,0.242512085
-0.115324908,0.157722976,-0.082535893,-0.545181016,-0.215599932,0.246430962
-0.456342073,-1.743282168,1.804919752,-0.545181016,-0.215599932,-2.292502165
-0.533551858,-1.720004554,1.527579331,2.439623452,-0.215599932,-0.988184364
-0.865117043,-1.079870169,1.146236251,-0.545181016,-0.215599932,-0.865111588
-0.79075235,0.277214727,-0.201175962,-0.545181016,-0.215599932,0.272739892
-0.90205714,-1.896041509,1.622915101,3.372374849,-0.215599932,-1.238098578
-0.271022187,-0.324098605,0.395851482,-0.545181016,-0.215599932,0.003572023
-0.388259773,-1.634653302,1.697065144,-0.545181016,-0.215599932,-1.999006987
-0.610094525,0.755181735,-0.675736239,-0.545181016,-0.215599932,0.246430962
-0.498946761,-0.439735784,0.510664452,-0.545181016,-0.215599932,-0.088578351
-0.193251798,-0.484545191,0.288214323,2.588863676,-0.215599932,1.055638467
-0.81539291,-0.215688749,0.288214323,-0.545181016,-0.215599932,0.0777666
-0.933186372,-0.081260528,0.154744245,-0.545181016,-0.215599932,0.15379291
-0.392992827,-1.207897046,1.273350611,-0.545181016,-0.215599932,-1.082046274
-0.78268268,-1.283206973,1.348123764,-0.545181016,-0.215599932,-1.220927568
-0.705037343,-2.232112062,2.29026549,-0.545181016,-0.215599932,-4.315518473
-0.831573042,-1.254452274,1.319574015,-0.545181016,-0.215599932,-1.16687138
-1.146500773,-1.063171011,1.129656117,-0.545181016,-0.215599932,-0.83850538
-0.810510972,-1.694399178,1.756385178,-0.545181016,-0.215599932,-2.156719295
-1.267088157,-0.887829853,0.955564712,-0.545181016,-0.215599932,-0.581183712
-0.981500399,-1.96325562,2.023325334,-0.545181016,-0.215599932,-2.99722567
0.104550314,-1.915810365,1.976218248,-0.545181016,-0.215599932,-2.829859616
-0.309410122,-1.404861472,1.058234002,4.276426202,-0.215599932,0.247297255
-1.440194542,0.840532986,-0.760479146,-0.545181016,-0.215599932,0.219512813
-0.850418448,-1.559970957,1.622915101,-0.545181016,-0.215599932,-1.813476899
-0.51295072,-0.817078158,0.885317302,-0.545181016,-0.215599932,-0.488219774
-0.85606045,2.069591005,-1.980777,-0.545181016,-0.215599932,-0.992464272
-0.181515144,-0.018000189,0.091934797,-0.545181016,-0.215599932,0.18356171
-0.063870816,-0.439735784,0.510664452,-0.545181016,-0.215599932,-0.088578351
1.498224375,-0.695789538,0.256435733,5.424427921,-0.215599932,1.520061514
-1.177386815,3.145016772,-3.048537622,-0.545181016,-0.215599932,-4.315518473
-0.963055136,1.128593459,-1.046486455,-0.545181016,-0.215599932,0.0777666
-0.496968624,-0.887829853,0.955564712,-0.545181016,-0.215599932,-0.581183712
-0.898612335,-1.207897046,1.273350611,-0.545181016,-0.215599932,-1.082046274
0.050063713,-0.798211039,0.86658466,-0.545181016,-0.215599932,-0.464438909
-0.925261674,-0.76562238,0.834228277,-0.545181016,-0.215599932,-0.424345652
-1.166321835,0.456452355,-0.824036325,4.678226804,-0.215599932,1.783543334
-0.56395782,-0.081260528,0.154744245,-0.545181016,-0.215599932,0.15379291
-0.958654371,-1.335923923,1.400464971,-0.545181016,-0.215599932,-1.323447996
-1.176780182,-0.439735784,0.510664452,-0.545181016,-0.215599932,-0.088578351
-0.69473496,-1.037194543,1.103864798,-0.545181016,-0.215599932,-0.797864826
-1.174899615,-0.887829853,0.955564712,-0.545181016,-0.215599932,-0.581183712
-1.425169493,-2.232112062,2.29026549,-0.545181016,-0.215599932,-4.315518473
-0.13651914,-0.439735784,0.510664452,-0.545181016,-0.215599932,-0.088578351
-1.053975989,1.352640494,-1.268936585,-0.545181016,-0.215599932,-0.088578351
-1.393721928,-0.887829853,0.955564712,-0.545181016,-0.215599932,-0.581183712
-0.612096566,-2.232112062,2.29026549,-0.545181016,-0.215599932,-4.315518473
0.002529352,-2.232112062,2.29026549,-0.545181016,-0.215599932,-4.315518473
